key,title,期間増加PV,期間増加スキ,稼働日数,推移PV,集計日
n8b0d4f5fb74d,🌱 スキのタネ研究所だよりVol.007,363,91,7,108→91→122→26→2→5→9,2026-09-29
n7152f7a4e5a0,✨誕生日って、何を祝っているんだろう🎂,86,33,7,11→23→23→9→9→5→6,2026-09-29
n77de1f3f5ccc,✨毎日投稿をやめたら、お尻がしっくりこなくなった🤣,55,19,7,7→2→22→5→11→3→5,2026-09-29
n37180fe24b18,🌱はじめての方へ🌱｜このnoteの歩き方✨※6/9,50,24,7,4→1→33→2→2→5→3,2026-09-29
nc40156f6432b,💫思考タイプ診断で自分は何の動物か調べてみた💖,21,0,6,3→0→2→2→2→7→5,2026-09-29
nc0b1fb2e48b7,✨両手にバトンが届きました🫢だから、ひとつの「ありがとう」にします❣️,13,2,6,1→6→0→2→2→1→1,2026-09-29
n25f06764eb4a,✨ カケルンって何者？私を一段先へ連れていく言葉の力 ✨,18,2,4,0→6→5→0→0→6→1,2026-09-29
n725acf24a97d,美しいだけじゃない。面白さに惹かれる中世写本「The Luttrell Psalter」,17,0,4,0→1→11→3→2→0→0,2026-09-29
n07e979554cab,✨KITA沼にハマって！note運営が変わったAIツール活用術🧰,15,2,4,0→2→0→9→2→2→0,2026-09-29
n50668cb9ac27,🌟自己紹介のつづき③｜頑張ることが😤私の価値だった！海外への憧れから30歳の離婚まで,15,3,4,0→0→0→5→1→1→8,2026-09-29
n307f36568762,今日も読みに行きたくなる✨noteの先輩ふたりへ❤️,8,8,4,0→3→3→1→0→1→0,2026-09-29
n384ab7af0e9a,🌸200記事で気づいたこと✨noteは私にとって「循環する場所」✨,15,6,3,0→0→12→2→1→0→0,2026-09-29
n4ea538f6e346,自己紹介　はじめてのnote,12,2,3,0→0→2→0→1→9→0,2026-09-29
n8fe2c3119557,🌱 スキのタネ研究所だよりVol.005,7,2,3,4→2→0→1→0→0→0,2026-09-29
n883747279652,✨未来が不安なあなたへ❤️タロットは「自分を知る」ための鏡だった✨,6,0,3,1→0→0→0→1→0→4,2026-09-29
nc5f5689d029b,秋のぷちふく｜まだ食べてないので💦妄想で栗を食べました🌰,6,5,3,2→0→2→0→0→0→2,2026-09-29
n8e86a8646504,✨ 「気合いじゃなく設計」私のnote生活を変えた、はしゃもさんツール 🧰,3,2,3,0→0→1→1→0→0→1,2026-09-29
nccabcbfd33cc,ミンミンゼミは🌲本当にミンミンだった？,3,1,3,1→0→0→1→0→1→0,2026-09-29
