category_primary,article_count,review_count,D1_comparable,D1_avg_PV,D1_avg_like_rate,D1_avg_comment_rate,D7_comparable,D7_avg_PV,D7_avg_like_rate,D7_avg_comment_rate,D30_comparable,D30_avg_PV,D30_avg_like_rate,D30_avg_comment_rate,growth_comparable,late_growth_count,late_growth_rate,analysis_date
AI,10,0,1,603.0,18.57,4.81,1,820.0,19.51,5.85,1,692.0,21.53,4.77,0,0,,2026-10-02
note運営・交流,40,0,1,809.0,19.41,8.78,2,993.5,19.12,8.2,6,849.8,19.83,5.71,1,0,0.0,2026-10-02
アート・文化,3,0,0,,,,0,,,,0,,,,0,0,,2026-10-02
タロット・占星術,5,0,0,,,,0,,,,0,,,,0,0,,2026-10-02
仕事・暮らし,2,0,1,792.0,16.79,4.67,1,961.0,17.27,4.47,0,,,,0,0,,2026-10-02
創作・表現,23,0,2,381.0,20.34,2.89,2,706.0,25.07,4.18,6,734.7,21.87,4.06,0,0,,2026-10-02
家族・人間関係,2,0,1,639.0,18.31,3.91,1,887.0,19.62,4.28,0,,,,0,0,,2026-10-02
旅行・おでかけ,9,0,1,590.0,20.68,3.39,1,786.0,21.25,5.09,2,866.5,22.1,5.48,1,0,0.0,2026-10-02
暮らし・人生,83,0,8,553.9,23.11,4.11,8,818.2,23.25,5.03,10,698.5,26.37,4.91,3,0,0.0,2026-10-02
研究,14,0,5,509.8,21.03,3.53,6,726.2,21.25,4.82,10,654.7,22.42,4.29,2,0,0.0,2026-10-02
花・自然,19,0,1,669.0,25.11,2.09,2,930.0,24.78,3.82,2,939.0,25.08,3.78,1,0,0.0,2026-10-02
要確認,7,7,6,523.0,19.89,3.03,4,885.5,20.24,5.17,0,,,,0,0,,2026-10-02
