日付,ビュー合計,スキ合計,コメント合計,記事数,フォロワー数,更新時刻
2026-08-24,96565,26836,3795,190,1841,23:25:48
2026-08-25,97320,27017,3835,191,1847,23:28:27
2026-08-26,98107,27221,3867,192,1852,23:26:01
2026-08-29,100500,27837,3964,194,1887,21:03:04
2026-08-30,101543,28075,4019,195,1904,21:03:00
2026-08-31,102357,28261,4067,196,1907,21:03:03
2026-09-01,103081,28443,4102,197,1912,21:05:38
2026-09-02,104123,28644,4182,198,1919,21:05:03
2026-09-03,105012,28854,4230,199,1931,21:05:25
2026-09-04,106028,29063,4276,200,1934,21:05:06
2026-09-05,107040,29233,4321,201,1948,21:04:28
2026-09-06,107905,29397,4362,202,1954,21:04:49
2026-09-07,108788,29561,4406,203,1957,17:25:12
2026-09-08,109666,29736,4446,204,1963,21:05:48
2026-09-09,110708,29928,4495,205,1964,21:05:15
2026-09-10,111631,30099,4540,206,1965,21:05:32
2026-09-11,112439,30252,4569,207,1970,21:05:01
